flower_name	flower_id
腋花点地梅	flower_1405
赤太阳	flower_1495
麒麟火焰兰	flower_1403
花笠丸	flower_1497
大花艳苞莓	flower_1522
裴翠殿	flower_1943
千波万波	flower_1472
阿里山龙胆	flower_1469
姬乱雪	flower_1921
江户紫	flower_1942
大苍角殿	flower_1939
姬凤梨	flower_1937
火星花	flower_1459
纹瓣兰	flower_956
蓝粉台阁	flower_1912
姬玉露	flower_1960
星点秋海棠	flower_1332
振武玉	flower_1936
凝脂菊锦	flower_299
翁柱	flower_201
黄蝉兰	flower_166
条纹十二卷锦	flower_309
红卷绢	flower_295
杜里万莲	flower_278
赏云	flower_339
立田凤	flower_284
旋风麒麟	flower_199
富士子宝	flower_217
库珀天锦章	flower_322
青鸟寿	flower_216
银边四海波	flower_287
康兔子	flower_266
白花章鱼爪	flower_154
松虫	flower_301
红稚儿	flower_207
紫章	flower_208
神玉	flower_155
花叶寒月夜	flower_298
多肉京之华锦	flower_316
红稚莲	flower_1938
弹簧草	flower_1954
墨西哥珊瑚坠子	flower_1533
金钮	flower_338
神刀	flower_293
水晶掌	flower_1984
江守玉	flower_167
姬牡丹	flower_30
落花之舞	flower_280
九轮塔	flower_289
白马城	flower_172
黄雪光	flower_197
绿花红唇	flower_315
地中海蓝钟花	flower_539
蓝盆花	flower_576
斑舌兰	flower_399
黄日光兰	flower_488
华凤仙	flower_584
佛头玉	flower_176
绒针	flower_192
管花杜鹃	flower_659
紫王子	flower_1953
琉璃殿	flower_288
虹之玉锦	flower_337
红粉台阁	flower_1924
猩猩球	flower_1491
御旗	flower_133
十字星锦	flower_5
蜡牡丹	flower_159
花盛球	flower_306
白银寿	flower_214
毛茉莉	flower_1447
雨菊	flower_703
块茎银莲花	flower_340
瓶刷光萼荷	flower_656
千佛手	flower_294
花叶球兰	flower_1776
天狗之舞	flower_204
藻铃玉	flower_58
高砂之翁	flower_31
福娘	flower_296
山木蓝	flower_1319
艳苞花	flower_620
花月夜	flower_1946
美丽莲	flower_3
长刺武藏野	flower_1496
岩生庭荠	flower_1487
韧锦	flower_173
三角琉璃莲	flower_218
荷叶椒草	flower_1814
短毛球	flower_305
反折银宝树	flower_1527
武伦柱	flower_1492
翠晃冠	flower_196
玉牛掌	flower_182
虾衣花	flower_74
泥鳅掌	flower_183
章鱼	flower_279
眩美玉	flower_198
吹雪之松锦	flower_1
欧洲银莲花	flower_1479
玉米石	flower_1505
矮仙丹	flower_851
虎舌红	flower_269
松霞	flower_8
小蓝兔狸藻	flower_42
龙鳞榈	flower_1934
月宴	flower_1957
玛瑙殿	flower_1765
秘鲁天伦柱	flower_272
红蕉	flower_1450
金缕梅	flower_1437
雷童	flower_194
西伯利亚蓝钟花	flower_657
枫香	flower_521
蓝黛莲	flower_6
碧玉兰	flower_542
宿根天人菊	flower_625
嘉德兰	flower_568
方鳞绿塔	flower_195
同色兜兰	flower_1056
睡布袋	flower_171
火焰兰	flower_221
女王花笠	flower_275
红叶李	flower_583
富士	flower_297
矮紫苞鸢尾	flower_1470
粗梗水蕨	flower_1970
美丽异木棉	flower_839
龙面花	flower_677
锦司晃	flower_331
姬胧月锦	flower_109
多花报春	flower_589
英冠玉	flower_203
莺鸣玉	flower_186
黄翁	flower_202
垂花水塔花	flower_629
波浪椒草	flower_1971
大花犀角	flower_312
仙女杯	flower_1761
竹叶兰	flower_120
白闪冠	flower_277
唐扇	flower_326
若歌诗	flower_193
红花荷	flower_690
禾雀花	flower_238
宿根肋柱花	flower_1498
高斑叶兰	flower_1553
嘉兰	flower_567
小和锦	flower_1859
朝雾阁	flower_1493
多肉灯泡	flower_219
扇贝兰	flower_1563
雁来红	flower_1911
斑马芦荟	flower_990
粉叶珊瑚凤梨	flower_1528
小苍角殿	flower_609
花菱草	flower_1423
银星绿萝	flower_1812
盘叶莲花掌	flower_321
翠云草	flower_1901
紫露草	flower_526
吊钟柳	flower_646
白毛蛇	flower_141
小花龙舌兰花	flower_320
吹雪柱	flower_184
韭兰	flower_604
银带虾脊兰	flower_1382
海石竹	flower_224
快刀乱麻	flower_292
紫萁	flower_1928
蛇目菊	flower_702
葡萄	flower_276
黄钟花	flower_1151
大雪素	flower_1129
梅花草	flower_641
波浪草	flower_1972
玉翁	flower_1504
匙唇兰	flower_471
网球花	flower_72
黄金钮	flower_185
火炬花	flower_1460
筒叶菊	flower_1894
超兜	flower_1250
圆头玉露	flower_317
黛比	flower_283
蓝眼菊	flower_1555
毛叶莲花掌	flower_1123
棒槌树	flower_116
金叶拟美花	flower_490
姬将军	flower_179
虎颜花	flower_1052
布纹球	flower_250
皱叶椒草	flower_1159
美叶光萼荷	flower_631
橙黄棒叶花	flower_1959
金光菊	flower_704
葱莲	flower_606
紫番红花	flower_559
海角樱草	flower_1245
百岁兰	flower_286
雪花莲	flower_676
素心兰	flower_430
八千代	flower_1486
翠一品	flower_402
 滨菊	flower_693
福禄桐	flower_1880
香龙血树	flower_1868
佛肚竹	flower_1915
若绿	flower_1923
钱串景天	flower_206
宿根霞草	flower_624
碧玉莲	flower_4
虎斑兜兰	flower_1060
子宝	flower_1958
豹纹竹芋	flower_1806
锦带花	flower_558
蕨草	flower_1927
唐印	flower_325
虎眼万年青	flower_608
金星	flower_129
青王丸	flower_1365
香水塔花	flower_632
王玉珠帘	flower_215
虎皮花	flower_582
猫眼竹芋	flower_1148
皱叶冷水花	flower_1815
钙果	flower_614
独丽花	flower_514
锦鸡儿	flower_228
初恋	flower_1949
姬红小松	flower_973
紫海葱	flower_1289
蓝柱	flower_2076
神想曲	flower_2056
茶柱	flower_1494
剪秋萝	flower_645
吉祥草	flower_1380
红宫廷	flower_82
唐棉	flower_333
麦杆菊	flower_1604
火箭球兰	flower_1556
碧桃	flower_691
换锦花	flower_667
金纽仙人鞭	flower_200
筒叶花月	flower_1945
姬珊瑚	flower_160
水兰	flower_2079
巴西鸢尾	flower_1276
蓬莱松	flower_86
橄榄花	flower_850
吉娃莲	flower_1508
竹节秋海棠	flower_1780
睡火莲	flower_615
豆瓣兰	flower_1562
帝冠	flower_1196
万代兰	flower_699
星兜	flower_1251
独占春	flower_473
红唇花	flower_643
月美人	flower_1282
火祭	flower_1941
夕映爱	flower_1784
槭树	flower_1892
金栗兰	flower_501
春峰	flower_2046
丹尼斯凤梨	flower_630
箭羽竹芋	flower_1807
趣蝶莲	flower_11
玉扇	flower_1944
白玉兔	flower_1390
番杏	flower_1511
带唇兰	flower_12
双线竹芋	flower_1816
心叶球兰	flower_1558
白蝶兰	flower_162
六出花	flower_607
彩叶吊兰	flower_10
瑞香	flower_123
凹叶景天	flower_1518
白晶菊	flower_695
黄花照波	flower_191
麒麟掌	flower_285
白斑玉露	flower_210
白凤菊	flower_1240
彩春峰	flower_168
秋牡丹	flower_665
鹰爪十二卷	flower_310
乙女心	flower_2015
葡萄风信子	flower_540
胡椒薄荷	flower_400
宝莲花	flower_595
星美人	flower_1961
香雪球	flower_682
绯花玉	flower_1502
彩苞凤梨	flower_1822
帝玉	flower_1197
青锁龙	flower_1898
紫鹅绒	flower_1826
木百合	flower_1480
大和锦	flower_311
奇仙玉	flower_1207
金手指	flower_1490
硬叶兜兰	flower_1078
银边翠	flower_2035
银冠玉	flower_1489
金苞花	flower_618
柳叶榕	flower_1787
榆叶梅	flower_675
白蔓荷包牡丹	flower_1278
惠比须笑	flower_178
黄水仙	flower_1312
朱莲	flower_7
带叶兜兰	flower_470
铁筷子	flower_650
松果菊	flower_692
金心巴西铁	flower_2005
量天尺花	flower_165
绣线菊	flower_706
白脉椒草	flower_1813
银叶睡布袋	flower_152
宿根福禄考	flower_626
墨西哥铁树	flower_1871
大卫·奥斯丁玫瑰	flower_672
姬星美人	flower_1269
萼距花	flower_1392
桃之卵	flower_1858
雷神	flower_1766
舌唇兰	flower_64
新几内亚凤仙	flower_1023
花笼	flower_483
薄雪万年草	flower_2075
湿唇兰	flower_62
飘带兜兰	flower_1086
玉凤兰	flower_504
集圆	flower_1226
垂筒花	flower_647
黄金花月	flower_209
留兰香	flower_533
玉蝶	flower_610
白雪姬	flower_1190
蕾丝金露花	flower_644
玉吊钟	flower_324
不夜城芦荟	flower_300
金丝桃	flower_664
倭海棠	flower_1142
佛手掌	flower_1506
秋水仙	flower_602
岩桐	flower_1534
松叶菊	flower_1546
苹果桉	flower_450
七宝树	flower_290
彩云阁	flower_189
黄槐	flower_688
神锦花	flower_24
马醉木	flower_1530
星王子	flower_2011
毛蟹爪兰	flower_566
白粉藤	flower_1817
玉珠帘	flower_313
千代田之松	flower_1241
鸾凤玉	flower_304
韭莲	flower_603
紫背万年青	flower_1801
球花石斛	flower_1018
狐尾百合	flower_671
万带兰	flower_262
狗尾红	flower_1356
飞羽竹芋	flower_1804
兔耳兰	flower_1561
豹皮花	flower_334
水蕨	flower_1965
巴西龙骨	flower_188
巢凤梨	flower_1767
宝石花	flower_1510
宫灯百合	flower_243
白花小松	flower_2010
赤松	flower_1833
十二卷	flower_327
金百合	flower_573
旋叶姬星美人	flower_1270
青苹果竹芋	flower_1846
球根秋海棠	flower_628
驱蚊草	flower_1908
仙丹花	flower_698
金钱兜	flower_1853
大姬星美人	flower_1268
兜兰	flower_1554
贝母兰	flower_505
黑兔耳	flower_1855
翠花掌	flower_319
雪割草	flower_660
矮文竹	flower_17
鼠尾掌	flower_362
龙鳞	flower_1874
莲瓣兰	flower_700
雪片莲	flower_1146
雾冰玉	flower_1234
合果芋	flower_1614
西瓜皮椒草	flower_1824
大叶吊兰	flower_1775
蓝松	flower_19
金鸡菊	flower_694
肖竹芋	flower_147
澳洲杉	flower_1832
黄丽	flower_2024
菜豆树	flower_1409
金心吊兰	flower_1842
绯牡丹	flower_1195
白牡丹	flower_1950
杓兰	flower_359
果子蔓	flower_1168
虎耳兰	flower_1098
月兔耳	flower_330
乌羽玉	flower_170
金琥	flower_361
黑叶观音莲	flower_2032
落葵	flower_2118
签名树	flower_1777
福建茶	flower_1993
夜合花	flower_474
红网纹草	flower_1805
黄玫瑰	flower_574
黑美人	flower_1895
彩色马蹄莲	flower_1022
千兔耳	flower_1856
人参榕	flower_1831
孔雀竹芋	flower_1925
花龙骨	flower_190
清盛锦	flower_1951
茜之塔	flower_1956
花朱顶红	flower_1610
绿宫廷	flower_83
含笑花	flower_741
绿球藻	flower_2064
小人祭	flower_1368
彩虹竹芋	flower_2003
霜之朝	flower_291
螺纹铁	flower_1331
甜罗勒	flower_441
龙船花	flower_697
金麒麟花	flower_282
蜈蚣草	flower_1976
紫叶酢浆草	flower_989
小红嘴	flower_34
仙人镜	flower_2051
圆叶薄荷	flower_530
角堇	flower_593
仙人指	flower_1582
跳舞草	flower_379
雪松	flower_1906
爱之蔓	flower_318
牡丹吊兰	flower_590
八宝景天	flower_1516
金钻	flower_1866
银叶菊	flower_705
女雏	flower_177
水塔花	flower_1500
荷兰铁	flower_1864
黑珍珠	flower_1841
雅乐之舞	flower_323
白鸟	flower_1243
银莲花	flower_666
天人菊	flower_762
银手指	flower_20
金达莱	flower_1448
红背椒草	flower_40
碗莲	flower_1484
酢浆草	flower_597
风兰	flower_472
鸡蛋花	flower_701
紫凤梨	flower_1620
白肋朱顶红	flower_1609
灯珠花	flower_57
鹿角苔	flower_2065
小球玫瑰	flower_212
翡翠景天	flower_302
神秘果	flower_613
口红吊兰	flower_1203
丽娜莲	flower_1862
桃美人	flower_369
莫丝	flower_101
宝塔草	flower_2080
帝王寿	flower_80
余蝴蝶	flower_476
卡特兰	flower_1565
罗汉松	flower_1994
球松	flower_1955
也门铁	flower_1869
樱花草	flower_535
大花马齿苋	flower_684
蛛丝卷绢	flower_308
水培红掌	flower_1202
垂笑君子兰	flower_1343
八宝树	flower_686
平安树	flower_1893
倒挂金钟	flower_1194
条纹十二卷	flower_1926
紫竹梅	flower_570
网纹草	flower_146
吸毒草	flower_464
勋章菊	flower_696
球根海棠	flower_728
咖啡树	flower_786
夏威夷椰子	flower_424
鹤望兰	flower_1650
将军柱	flower_180
卫矛	flower_679
小白兔狸藻	flower_49
蜜蜂兰	flower_61
鸢尾草	flower_143
金鱼吊兰	flower_127
碧光环	flower_328
鸭跖草	flower_1389
大花惠兰	flower_1551
玉露 	flower_1509
蒲葵	flower_2028
仙人球	flower_2083
龙王球	flower_307
夏堇	flower_229
子持莲华	flower_1947
捕蝇草	flower_1999
瓜叶菊	flower_1718
矮珍珠	flower_2066
紫薇	flower_725
喜林芋	flower_1909
鸭掌木	flower_1370
花叶万年青	flower_2006
绿宝石	flower_2017
六月雪	flower_714
山影拳	flower_169
飘香藤	flower_654
球兰	flower_1557
紫弦月	flower_1485
樱水晶	flower_50
节节草	flower_118
水仙	flower_1652
密叶朱蕉	flower_2039
龙竹	flower_1830
秋海棠	flower_661
晚香玉	flower_669
罗勒	flower_455
春剑	flower_718
银杏	flower_1992
非洲菊	flower_1545
口红花	flower_642
阔叶不死鸟	flower_1922
新玉缀	flower_303
络石	flower_234
波斯顿蕨	flower_1910
春兰	flower_2169
蓝雪花	flower_1391
洋桔梗	flower_1188
风信子	flower_1630
凤尾竹	flower_1988
铁线莲	flower_598
狼尾蕨	flower_140
帝王花	flower_616
紫边碧玉	flower_1847
一叶兰	flower_1634
八角金盘	flower_1633
特玉莲	flower_611
芍药	flower_710
凤梨花	flower_1499
勿忘我	flower_720
蝴蝶兰花	flower_231
莪术	flower_1606
巴西木	flower_2034
天门冬	flower_16
美人蕉	flower_715
积雪草	flower_2001
金钱树	flower_139
朱顶红	flower_1611
五针松	flower_2009
文竹	flower_2029
竹芋	flower_1839
多肉观音莲	flower_2025
佛甲草	flower_346
彩虹玫瑰	flower_65
吊竹梅	flower_136
虹之玉	flower_377
珍珠吊兰	flower_1952
柠檬	flower_711
花叶络石	flower_1434
黑法师	flower_1973
曼珠沙华	flower_662
金鱼草	flower_267
垂盆草	flower_1517
白鹤芋	flower_1658
迷迭香	flower_565
百日草	flower_1728
红星凤梨	flower_572
蕙兰	flower_1638
熊童子	flower_329
紫珍珠	flower_1948
马蹄莲	flower_1653
假昙花	flower_621
吊兰	flower_1657
长春花	flower_564
冰灯玉露	flower_345
鸳鸯茉莉	flower_237
龙血树	flower_518
黑王子	flower_1962
蒂亚	flower_51
唐菖蒲	flower_1612
茉莉花	flower_747
龙吐珠	flower_252
月季	flower_749
碰碰香	flower_314
九里香	flower_557
芦荟	flower_2002
虎尾兰	flower_2038
含羞草	flower_378
对兰	flower_534
薄荷	flower_529
白芍药	flower_1477
柏树	flower_1990
转运竹	flower_148
鹿角海棠	flower_1440
锦晃星	flower_612
富贵竹	flower_2033
金桔	flower_866
向日葵	flower_1724
常青藤	flower_253
蓝石莲	flower_332
松树	flower_1991
康乃馨	flower_599
四季桔	flower_872
猴面小龙兰	flower_241
建兰	flower_730
鲁冰花	flower_1442
沙漠玫瑰	flower_1521
水仙花	flower_723
长寿花	flower_1711
仙人掌	flower_373
君子兰	flower_2037
金钱草	flower_2000
金枝玉叶	flower_601
满天星花	flower_1588
绿萝	flower_2036
金线莲	flower_1785
兰花	flower_622
山地玫瑰	flower_271
莲花竹	flower_1900
发财树	flower_380
铜钱草	flower_368
竹子	flower_1989
枸杞	flower_868
